SMILES,Run,Ligand,gasa,QED,caco2,MDCK,PPB,logVDss,Fu,LM-human,cl-plasma,DILI,Nephrotoxicity-DI,Neurotoxicity-DI,Hematotoxicity,A549
Cc1ccnn1-c1cccc(NC(=O)CC2OC(=O)c3ccccc32)c1,cmp5,,0,0.734,-4.624389542,-4.325303389,96.83794608,-0.3999961802,2.975879405,0.999747932,4.296544212,0.9021232724,0.7988645434,0.7438670397,0.240758419,0.02332432009
C=c1ccc2c(c1)C[C@](C)(C(=O)[N-]c1cccc(N3[C@@H](C)CCN3/C([O-])=C3/C=COC3)c1)OC=2O,1,ligand_1,1,0.586,-5.616858669,-4.931076239,95.1320621,0.0141093916,3.823303618,0.3387134969,1.053392164,0.994971633,0.9724165797,0.3709833324,0.6903669238,0.1729461849
C[C@H]1CCN(/C([O-])=C2/C=COC2)[N@@H+]1c1cccc([N-]C(=O)[C@]2(C)Cc3ccccc3C(=O)O2)c1,1,ligand_2,1,0.527,-5.419733291,-4.766287251,94.45686888,-0.03408558231,4.244124489,0.8341720104,3.526601516,0.9904072881,0.9733496904,0.4709894359,0.5430390835,0.1748766601
C[C@@H]1CCN([C@@H]2C=CS(=O)(=O)C2)N1c1cccc(N/C(O)=C/[C@H]2OC(=O)c3ccccc32)c1,1,ligand_3,1,0.509,-5.095138148,-4.761899535,76.16445799,-0.2148193511,14.75955377,0.794031322,1.972906346,0.9868272543,0.9181957841,0.7572517991,0.1353896409,0.07496579736
C[C@H]1CCN(/C([O-])=C2/C=COC2)N1c1cccc([N-]C(=O)[C@]2(C)Cc3ccccc3C(=O)O2)c1,1,ligand_4,1,0.527,-5.419733291,-4.766287251,94.45686888,-0.03408558231,4.244124489,0.8341720104,3.526601516,0.9904072881,0.9733496904,0.4709894359,0.5430390835,0.1748766601
C[C@H]1CCN(/C([O-])=C2/C=COC2)N1c1cccc(NC(=O)[C@]2(C)Cc3ccccc3C(=O)O2)c1,1,ligand_6,1,0.527,-5.419733291,-4.766287251,94.45686888,-0.03408558231,4.244124489,0.8341720104,3.526601516,0.9904072881,0.9733496904,0.4709894359,0.5430390835,0.1748766601
O=C1O[C@@H](C(=O)[N-][C@@H]2CCC[C@]3(n4c[nH+]nn4)CCCC[C@@H]23)Cc2ccccc21,1,ligand_11,1,0.798,-4.93472731,-4.594998288,84.10787247,-0.1159164554,16.15450957,0.7908268571,4.566957259,0.9403038025,0.8089337349,0.5915913582,0.1530713886,0.0634220317
[H]/N=C(\C)[C@@H](O)N1CC[C@@H](C)[N@H+]1c1cccc(NC(=O)[C@@]2(C)Cc3cc(=C)ccc3=C(O)O2)c1,1,ligand_17,1,0.518,-5.386598911,-4.917770977,92.24599797,0.1743733659,6.040731302,0.6363378763,1.107553458,0.998356998,0.9980177879,0.1334175318,0.9596748352,7.27E-05
C[C@H]1CCN(C(=O)C2=CCOC2)N1c1cccc([N-]C(=O)[C@]2(C)Cc3ccccc3C(=O)O2)c1,1,ligand_19,0,0.704,-5.178313533,-4.658087953,94.89646953,0.03764192645,3.973016523,0.9635319114,4.47849879,0.9232727885,0.933193922,0.6019989252,0.3126865923,0.1344675422
C[C@@]1(C(=O)NC2=CC/C(=N\C(=O)C3CCC3)[C@@]3(O)CCCC[C@@H]23)Cc2ccccc2C(=O)O1,1,ligand_20,1,0.688,-4.927976172,-4.596794503,89.5210736,0.2184673506,10.03021961,0.9977862835,2.850266596,0.5077594519,0.5941820145,0.2282705903,0.2826695144,0.057214614
C[C@]1(C(=O)/N=C2\CC=C[C@]3(n4cnn[nH+]4)C=CC=C[C@@]23C#N)Cc2ccccc2C(=O)O1,1,ligand_21,1,0.532,-5.217052677,-4.736902137,92.13516205,-0.1982380615,7.398852631,0.9894191027,2.957043547,0.9404463172,0.6062909961,0.451033026,0.03631506115,0.0340968594
CC[C@H](C)C(=O)N1CC[C@H](C)[N@@H+]1c1cccc(NC(=O)[C@]2(C)Cc3ccccc3C(=O)O2)c1,1,ligand_22,0,0.693,-5.029393602,-4.623769234,96.54285129,0.1857105674,2.903696045,0.735343039,4.492413073,0.9290064573,0.8988102674,0.9430531859,0.420494616,0.2592735887
C[C@H]1CCN(C(=O)C2=CCOC2)N1c1cccc(NC(=O)[C@]2(C)Cc3ccccc3C(=O)O2)c1,1,ligand_25,0,0.704,-5.178313533,-4.658087953,94.89646953,0.03764192645,3.973016523,0.9635319114,4.47849879,0.9232727885,0.933193922,0.6019989252,0.3126865923,0.1344675422
C[C@]1(C(=O)NC2=CC=C[C@]3(n4cnn[nH+]4)C=CC=C[C@@]23C#N)Cc2ccccc2C(=O)O1,1,ligand_26,1,0.742,-5.371618524,-4.859661819,90.27144768,-0.4064439215,7.511027936,0.7079460621,3.558868029,0.8550040722,0.8220905066,0.4076326191,0.04305184633,0.0480441004
C[C@@H]1CCN([C@@H]2C=CS(=O)(=O)C2)N1c1cccc(NC(=O)C[C@@H]2OC(=O)c3ccccc32)c1,1,ligand_27,1,0.675,-5.315073788,-4.892942248,75.04097443,0.04594714411,19.09258025,0.9025918245,4.206237392,0.9824919701,0.9583394527,0.9567484856,0.2794068456,0.4817064703
C[C@H]1CC[C@H]2C(=O)O[C@@](C)(C(=O)Nc3cccc(-n4c[nH+]n[nH+]4)c3)C[C@@]2(N)C1,1,ligand_29,1,0.767,-5.114422253,-4.898666418,75.26270598,0.1375916796,24.08152396,0.005627318751,3.866181496,0.7023617029,0.9893468022,0.2952252924,0.6639525294,0.06239661574
Cc1ccnn1-c1cccc([N-]C(=O)[C@@]2(C)Cc3ccccc3C(=O)O2)c1Cl,1,ligand_33,0,0.681,-4.600105376,-4.567212493,93.69362218,0.1639441515,5.519340531,0.9663899541,3.027219156,0.8939406872,0.8306873441,0.3516088426,0.1938360482,0.09604175389
C=c1ccc2c(c1)C[C@](C)(C(=O)[N-]c1cccc(N3C/[N+](=C(/C)C#N)NN3)c1)OC=2C#N,2,ligand_2,1,0.701,-4.994071411,-4.68687268,90.91471894,0.2582569778,7.964464665,0.1595122218,3.537040744,0.9999995232,0.828248024,0.03418376669,0.349581331,8.31E-08
C[C@@H]1CC[C@H]2C(=O)O[C@@](C)([C@@H]3NC(=O)[C@H]4C[C@@H](c5cccc(F)c5)CC[C@H]4[NH2+]3)C[C@H]2C1,2,ligand_3,1,0.702,-4.888745438,-4.59493571,71.67975451,0.01997965184,23.31500765,0.02665191703,4.615145994,0.3009469509,0.9933989048,0.6115139723,0.2131631523,0.5961139798
C=C1C[C@H](C)C[C@H]2C[C@@](C)([C@@H]3[N-]C(=O)[C@@H]4C[C@@H](c5cccc(F)c5)CC[C@@H]4[NH2+]3)OC(=O)[C@H]12,2,ligand_4,1,0.538,-5.289749034,-4.815240812,90.41561026,0.05371454872,8.964040981,0.09637380391,5.57569804,0.8932613134,0.9977906942,0.9749593735,0.506359458,0.7518363595
CC(=O)[N@H+]1C[N@H+](c2cccc(NC(=O)[C@]3(C)C[C@@H]4C[C@H](C)CCC4=C(C#N)O3)c2)NN1,2,ligand_6,1,0.684,-5.33560536,-4.815895152,82.23915467,0.1151499769,11.38898127,0.01250478812,4.171603829,0.9929359555,0.9413417578,0.8591377139,0.3539094031,0.1067538708
C[C@@H]1CC[C@H]2C(=O)O[C@](C)([C@@H]3[N-]C(=O)[C@@H]4C[C@@H](c5cccc(F)c5)CC[C@@H]4N3)C[C@H]2C1,2,ligand_8,1,0.702,-5.145647288,-4.538112158,85.85940926,-0.03466512589,11.25552859,0.03847816959,5.424574056,0.3293459117,0.9921379685,0.8926688433,0.08904612064,0.7422344685
C=c1ccc2c(c1)C[C@](C)(C(=O)[N-][C@H]1CCC[C@@]3(n4c[nH+]nn4)CCCC[C@H]13)OC=2C#N,2,ligand_10,1,0.784,-4.808292819,-4.693110719,96.29036944,-0.1355231175,3.886546937,0.04464754462,3.569169567,0.8153049946,0.4232385457,0.3327459991,0.1308604777,0.1091444567
C=c1ccc2c(c1)C[C@@](C)(C(=O)[N-]c1cccc(N3C/[N+](=C(\C#N)CF)NN3)c1)OC=2C#N,2,ligand_13,1,0.673,-4.847470678,-4.614413882,92.37594463,0.1051687034,6.793868875,0.5502576828,3.724614768,0.9970695376,0.9703018665,0.03503116593,0.09011232108,0.0003403986921
C=c1ccc2c(c1)C[C@@](C)(C(=O)[N-]c1cccc(N3C/[N+](=C(\O)C(C)C)NN3)c1)OC=2C#N,2,ligand_14,1,0.687,-5.282433711,-4.804073551,74.11639105,0.262361552,21.22968938,0.5169203877,4.864354622,0.9968344569,0.7805974483,0.03396781906,0.006711322814,0.002856311388
C[C@@H]1CC[C@H]2C(=O)O[C@](C)([C@@H]3[N-]C(=O)[C@@H]4C[C@@H](c5cccc(F)c5)CC[C@@H]4[NH2+]3)C[C@@H]2C1,2,ligand_16,1,0.702,-5.201605136,-4.56958826,87.19065264,-0.08308471275,9.799880722,0.0205861032,5.425557871,0.3851051927,0.9946158528,0.9288035631,0.09582891315,0.8112303615
C[C@@]1(C(=O)N=C2C=CC[C@]3(n4cnnn4)C=CC=C[C@@]23C#N)Cc2ccccc2C(=O)O1,2,ligand_17,1,0.674,-4.949367427,-4.614264973,91.16736249,-0.2857802994,7.22671591,0.8460229635,2.454410028,0.4503752291,0.6598294973,0.1816254109,0.04504327476,0.04477226734
C=C1CCC[C@@H]2C[C@@H](/C(O)=N\[C@@H]3C[C@](N)(n4c[nH+]n[nH+]4)Cc4ccccc43)OC(=O)[C@H]12,2,ligand_21,1,0.336,-5.592141918,-5.064739656,86.54085885,-0.1565291373,13.56376873,1.96E-05,4.31792753,0.9889944196,0.953230083,0.9374548793,0.5754763484,0.165435344
C=c1cc(C)c2c(c1)C[C@](C)([C@H]1NCC[C@H]3CC[C@@H](c4cc(F)cc(F)c4C#N)C[C@H]31)OC=2C#N,2,ligand_23,1,0.714,-5.206626726,-4.792284315,98.0778855,0.3697161016,1.590039505,0.09037604928,5.428820242,0.9491714239,0.9573762417,0.6642356515,0.2521875799,0.2865498662
C[C@@]1(C(=O)[N-][C@@H]2CCC[C@]3(n4c[nH+]n[nH+]4)CCCC[C@H]23)Cc2ccccc2C(=O)O1,2,ligand_24,0,0.782,-4.894879979,-4.575010165,91.82718636,-0.07746349943,8.59397231,0.971416533,2.183632358,0.7207966447,0.6502065659,0.2199568301,0.1125582531,0.2578707933
C=c1ccc2c(c1)C[C@](C)([C@H]1[NH2+]CC[C@H]3CC[C@@H](c4cc(F)cc(F)c4C#N)C[C@H]31)OC=2C#N,2,ligand_26,1,0.742,-5.122859199,-4.727596402,97.28075908,0.3558979382,2.416905466,0.7639995217,5.180189072,0.9048321843,0.9476491213,0.6461388469,0.1955755949,0.2522799075
C=c1ccc2c(c1)C[C@](C)(C(=O)[N-][C@@H]1CCC[C@@]3(n4c[nH+]n[nH+]4)CCCC[C@H]13)OC=2O,2,ligand_27,1,0.771,-5.239916989,-4.954851119,96.71229638,0.06747452317,3.786736175,0.2094140053,1.059998275,0.8305158615,0.7098904252,0.2971520722,0.3120013177,0.1961325705
C=c1cc(C)c2c(c1)C[C@@](C)(C(=O)N[C@@H]1CCC[C@]3(n4c[nH+]n[nH+]4)CCCC[C@@H]13)OC=2C#N,2,ligand_29,1,0.768,-4.905736936,-4.649171477,97.22407119,-0.005247120078,3.016736744,0.2405891418,4.524884621,0.9410352111,0.4787244499,0.1796387732,0.1872090846,0.1133016795
C=C1[C@H](F)C[C@H](F)[C@H](C#N)[C@@H]1c1ccc2c(c1)[C@H]([C@]1(C)Cc3cc(=C)ccc3=C(C#N)O1)NCC2,2,ligand_31,1,0.677,-5.005748476,-4.725091445,93.75227695,0.087918282,6.160537164,0.7170243263,5.811782526,0.9551553726,0.5513319373,0.8446143866,0.07747577876,0.6575327516
Cc1ccc2c(c1)C[C@](C)([C@@H]1NC(=O)[C@H]3C[C@@H](c4cccc(F)c4)CC[C@H]3N1)OC2=O,2,ligand_33,1,0.726,-4.945254661,-4.761253115,93.79978221,0.1486821946,4.995089647,0.2213879526,3.422155542,0.3165754676,0.9784564972,0.8100000024,0.1231886968,0.3102112114
Cc1cc(C)c2c(c1)C[C@](C)(C(=O)N[C@@H]1CCC[C@]3(n4c[nH+]n[nH+]4)CCCC[C@@H]13)OC2=O,2,ligand_35,1,0.741,-4.855696211,-4.750765977,98.3497426,-0.003141453444,2.159891871,0.9240337014,4.668485048,0.9153098464,0.8069902658,0.5194442272,0.3318796456,0.1289089918
Cc1cc(C)c2c(c1)C[C@](C)(C(=O)[N-][C@@H]1CCC[C@]3(n4cnnn4)CCCC[C@@H]13)OC2=O,2,ligand_39,1,0.741,-4.855696211,-4.750765977,98.3497426,-0.003141453444,2.159891871,0.9240337014,4.668485048,0.9153098464,0.8069902658,0.5194442272,0.3318796456,0.1289089918
Cc1ccc2c(c1)C[C@](C)(/C(O)=N\[C@@H]1CCC[C@@]3(n4c[nH+]nn4)CCCC[C@H]13)OC2=O,2,ligand_40,1,0.46,-5.055953321,-4.69479584,96.22524851,0.06535331526,3.460296162,0.02421925776,2.187884843,0.9641368985,0.4537367523,0.1534709632,0.2644892335,0.03970275819
Cc1cc[nH+]n1-c1cc(N/C(O)=[N+]2\CC=C([O-])CC2)c2ccccc2c1,2,ligand_42,0,0.721,-5.349035207,-4.726575142,97.81273005,-0.2528489305,1.914282437,0.996943295,4.467259333,0.9909510612,0.7502869964,0.3137885332,0.2078695297,0.04485269636
Cc1ccc2c(c1)C[C@](C)(C(=O)[N-][C@H]1CCC[C@@H]3CCCC[C@@H]31)OC2=O,2,ligand_44,0,0.818,-4.996700428,-4.673316343,98.25472711,-0.06850435607,1.391599686,0.8306871653,3.139751032,0.5438671708,0.5963045955,0.5068030357,0.1711786091,0.2077056319
C=c1ccc2c(c1)C[C@](C)(C(=O)[N-]c1cccc3ccccc13)OC=2C#N,2,ligand_45,1,0.77,-4.618344139,-4.553926245,98.46319799,0.1840298276,0.9547111127,0.9925026894,4.358491654,0.9190061092,0.5662927032,0.8513042331,0.2078760415,0.2139345855
C[C@]1(C(=O)[N-][C@@H]2CCC[C@]3(n4cnn[nH+]4)CCCC[C@H]23)Cc2ccccc2C(=O)O1,2,ligand_47,0,0.782,-4.982891738,-4.660616431,95.71733614,-0.1705585653,4.359922739,0.7273112535,2.744327032,0.8360913396,0.7578234076,0.5796550512,0.1776488572,0.2244391292
N#C/C(=[N+]1/CCC[C@H](N/C(O)=N/[C@H]2CCC[C@]3(n4cnnn4)CCCC[C@H]23)C1)C(F)(F)F,2,ligand_48,1,0.412,-5.328134848,-4.73417491,71.90537587,0.002091693435,19.42360865,0.06988618523,2.571397174,0.998367846,0.9557843804,0.3924444318,0.1566824317,0.0002113065275
C[C@H](c1[nH+]c[nH+]o1)N1C[N@H+](c2cc(Cl)c3ccccc3c2)NN1,2,ligand_50,0,0.765,-4.800139967,-4.716972377,84.98974756,0.5534042083,13.7073019,0.8916943073,6.493242867,0.9598641396,0.8383200765,0.8643856645,0.688082397,0.270162046
C[C@@H]1C[C@H](c2cn(/C=C\[C@@H]3OC(=O)c4ccccc43)nn2)CN(/C=C2/NC(C)(C)CO2)C1,3,ligand_1,0,0.738,-4.717283131,-4.535222764,83.02418463,0.3605609929,14.68862369,0.9983722568,7.866225105,0.9979313612,0.999668479,0.993467629,0.5262482166,0.9353806973
C[C@@H]1C[C@H](c2cn(/C=C\[C@@H]3OC(=O)c4ccccc43)[nH+]n2)CN(/C=C2/NC(C)(C)CO2)C1,3,ligand_2,0,0.738,-4.717283131,-4.535222764,83.02418463,0.3605609929,14.68862369,0.9983722568,7.866225105,0.9979313612,0.999668479,0.993467629,0.5262482166,0.9353806973
Cc1ccnn1[C@@H]1[C@@H](C#N)[C@@H](NC(=O)NC[C@]2(C)Cc3ccccc3C(=O)O2)CC[C@H]1C,3,ligand_3,1,0.717,-5.274034718,-4.959017585,76.63231096,0.02924175706,20.47818184,0.9616219401,2.396074243,0.9416497946,0.734716773,0.3522788584,0.215970546,0.04012253135
C[C@@H]1C[C@H](c2cn(/C=C/[C@H]3OC(=O)c4ccccc43)[nH+]n2)CN(CC2=[NH+]C(C)(C)CO2)C1,3,ligand_6,1,0.671,-5.058082934,-4.681187277,95.17742303,0.2595247701,4.775722124,0.7508435845,7.584876817,0.8792721629,0.9857876301,0.9809299707,0.4440377653,0.7857254148
C=c1ccc2c(c1)C[C@H](C(=O)[N-][C@]1(n3nccc3C)CCC[C@@H]3CCCC[C@@H]31)OC=2C#N,3,ligand_7,1,0.812,-4.620666437,-4.614345357,98.24601215,-0.1218745206,1.571821286,0.9419062734,3.411652269,0.9721101522,0.509689033,0.7341798544,0.2527294457,0.2753949463
C[C@H]1C[C@@H](c2cn(/C=C\[C@@H]3OC(=O)c4ccccc43)n[nH+]2)CN(/C=C2\[NH2+]C(C)(C)CO2)C1,3,ligand_9,0,0.738,-4.867808806,-4.60269994,74.43869875,0.1196223274,28.06060255,0.9612522125,6.844599227,0.9886394739,0.9939556718,0.9153005481,0.5429487824,0.9799860716
C=c1ccc2c(c1)C[C@@](C)(C(=O)N[C@H]1CCC[C@@]3(n4c[nH+]nn4)CCCC[C@@H]13)OC=2OC(C)=O,3,ligand_11,1,0.678,-4.667882813,-4.739096443,70.73916122,-0.06142776559,29.39819929,0.5137875676,2.80059642,0.5936902165,0.5829548836,0.04566120729,0.3362746537,0.1709541529
C=C1CCC[C@H]2C[C@@](C)(C(=O)[N-]c3cccc(-n4c[nH+]nn4)c3)OC(=O)[C@H]12,3,ligand_15,1,0.66,-5.162796371,-4.870059305,91.58504803,-0.1608750344,7.358175218,0.8747062683,2.954405392,0.9504755139,0.9284231067,0.4993106127,0.5912454128,0.09105953574
Cc1ccc2c(c1)C[C@](C)(/C(O)=N\[C@@H]1CC[C@@H]3N[C@@H]4CCCC[C@@H]4[C@H]3C1)OC2=O,3,ligand_17,1,0.448,-5.364934215,-4.883143358,95.55078001,0.4598610805,4.276102928,2.50E-05,3.024812434,0.9455664754,0.6593207717,0.4163869321,0.1428985894,0.05303899199
C=c1ccc2c(c1)C[C@H](C(=O)N[C@]1(n3[nH+]ccc3C)CCC[C@@H]3CCCC[C@@H]31)OC=2O,3,ligand_18,1,0.799,-4.726654741,-4.595321879,96.55096756,-0.1678139882,3.37030731,0.9545140266,1.764315276,0.9694939852,0.7243492603,0.5820176005,0.4534322023,0.2702038586
C[C@@H]1C[C@H](c2cn(/C=C/[C@H]3OC(=O)c4ccccc43)nn2)CN(CC2=[NH+]C(C)(C)CO2)C1,3,ligand_19,1,0.671,-5.058082934,-4.681187277,95.17742303,0.2595247701,4.775722124,0.7508435845,7.584876817,0.8792721629,0.9857876301,0.9809299707,0.4440377653,0.7857254148
C[C@H]1C[C@@H](c2cn(/C=C/[C@H]3OC(=O)c4ccccc43)n[nH+]2)CN(C(=O)[C@@H](C)CN)C1,3,ligand_21,0,0.76,-5.51976612,-5.180248964,52.41075695,0.00325436096,48.82719131,0.02056288533,5.297261186,0.9062900543,0.9772564173,0.8825802803,0.5462914705,0.3995292187
Cc1ccnn1-c1ccc(Cl)c(NC(=O)[C@]2(C)Cc3ccccc3C(=O)O2)c1,3,ligand_25,0,0.681,-5.200281936,-4.828190393,98.49224842,0.1068954896,1.341235624,0.9058549404,3.882843464,0.9539418817,0.9332163334,0.8380618095,0.311925441,0.2193093747
C[C@@H]1C[C@H](c2cn(/C=C/[C@@H]3OC(=O)c4ccccc43)[nH+]n2)CN(/C=C2/[NH2+]C(C)(C)CO2)C1,3,ligand_26,1,0.738,-4.608286215,-4.443624341,82.2229528,0.426097969,14.81248814,0.9991711378,8.161219984,0.9989668131,0.9996082187,0.9954049587,0.7929311991,0.7713038921
C[C@@]1([C@H]2[NH2+]CCc3ccc(CNC(=O)[C@H]4C[C@@H](C#N)C4)cc32)Cc2ccccc2C(=O)O1,4,ligand_1,1,0.729,-5.081276612,-4.751873539,59.2546333,0.01950440199,40.39372826,0.93656075,3.664817342,0.5880672932,0.9524825215,0.7186306119,0.07336574048,0.03659613803
C[C@@]1([C@H]2NCCc3ccc(CNC(=O)[C@H]4C[C@@H](C#N)C4)cc32)Cc2ccccc2C(=O)O1,4,ligand_3,1,0.729,-5.081276612,-4.751873539,59.2546333,0.01950440199,40.39372826,0.93656075,3.664817342,0.5880672932,0.9524825215,0.7186306119,0.07336574048,0.03659613803
CC(=O)N1CCc2ccc(C/N=C(\O)[C@H]3C[C@@H](C#N)C3)cc2[C@@H]1[C@]1(C)Cc2ccccc2C(=O)O1,4,ligand_4,1,0.407,-4.904537599,-4.671601374,91.6079955,0.1045369396,6.992053395,0.1132419407,2.366470033,0.9980250597,0.7757975459,0.3380891979,0.02275735326,0.0006295719068
O=C1O[C@H](/C=C/[N@H+]2C[C@H]([C@H]3CCC[C@H]3O)[N@@H+](/C([O-])=C3\[C@H]4C[C@@H]5[C@H](C4)[C@H]35)N2)c2ccccc21,4,ligand_10,1,0.495,-4.86552258,-4.786383776,72.97645687,0.08370600359,26.80472678,0.9589934349,6.582467067,0.9399927258,0.9534730315,0.2148228437,0.8903828859,0.9075969458
C=C1CC[C@H](N2[C@H](C)CCN2[C@]2(F)CCC2(F)F)C[C@@H]1[N-]C(=O)C[C@H]1OC(=O)c2ccccc21,4,ligand_11,1,0.39,-4.934496832,-4.610267226,73.57189118,0.258393227,25.29411288,0.9908176661,5.86702539,0.2901445031,0.8119436502,0.9421740174,0.03196404874,0.3317556977
N#C[C@@H]1CCC[C@@H]1[C@H]1C[N@@H+](/C=C/[C@H]2OC(=O)c3ccccc32)N[N@@H+]1/C(O)=C1\[C@H]2C[C@@H]3[C@H](C2)[C@H]13,4,ligand_15,1,0.539,-4.899575485,-4.682549976,80.08526188,-0.04167601279,13.20392866,0.9686620831,4.739682644,0.9730966687,0.7878423929,0.2570879757,0.4233367741,0.7054518461
C=C1CCC[C@@H]2C[C@@H](C(=O)Nc3cc(-n4c[nH+]nn4)cc4ccccc34)OC(=O)[C@@H]12,4,ligand_16,1,0.533,-4.875796084,-4.740719454,96.48282999,-0.2738343901,3.581783084,0.7358586788,2.134447696,0.9807418585,0.9836680293,0.9618990421,0.5540344715,0.37631616
C=c1ccc2c(c1)C[C@](C)([C@@H]1[NH2+]CCc3ccc(CNC(O)=C4CC(C#N)C4)cc31)OC=2O,4,ligand_20,1,0.543,-5.726716442,-5.08765542,73.16006647,0.05863076614,14.17808611,0.7793021798,1.380686553,0.9778496027,0.899001658,0.4933924973,0.1595880985,0.002524708631
O=C1O[C@H](/C=C/[N@H+]2C[C@H]([C@H]3CCC[C@H]3O)[N@@H+](/C(O)=C3\[C@H]4C[C@@H]5[C@H](C4)[C@H]35)N2)c2ccccc21,4,ligand_23,1,0.495,-4.86552258,-4.786383776,72.97645687,0.08370600359,26.80472678,0.9589934349,6.582467067,0.9399927258,0.9534730315,0.2148228437,0.8903828859,0.9075969458
O=C1O[C@@H](/C(O)=N\[C@H]2CCC[C@]3(n4c[nH+]nn4)CCCC[C@@H]23)Cc2ccccc21,4,ligand_24,1,0.487,-5.075971534,-4.87494123,91.89461663,-0.3272833971,9.170450916,0.04020088911,2.749757081,0.989043057,0.8298377991,0.07903631032,0.439248085,0.02364759892
O=C1O[C@H](/C=C/[N@@H+]2C[C@H]([C@H]3CCC[C@H]3O)N(/C([O-])=C3\[C@H]4C[C@@H]5[C@H](C4)[C@H]35)N2)c2ccccc21,4,ligand_25,1,0.495,-4.86552258,-4.786383776,72.97645687,0.08370600359,26.80472678,0.9589934349,6.582467067,0.9399927258,0.9534730315,0.2148228437,0.8903828859,0.9075969458
C[C@@]1([C@@H]2NCCc3ccc(C[N-]C(=O)[C@H]4C[C@@H](C#N)C4)cc32)Cc2ccccc2C(=O)O1,4,ligand_31,1,0.729,-4.986295131,-4.702904051,53.14955863,0.03502274107,47.94966334,0.903798759,2.739385048,0.5695239902,0.9685432315,0.7892565727,0.07568351924,0.064402394
C[C@]1(C(=O)[N-][C@H]2CCC[C@H]3CCCC[C@]32n2c[nH+]nn2)Cc2ccccc2C(=O)O1,4,ligand_32,0,0.782,-4.855196835,-4.824032828,92.63719285,-0.001103483102,7.360695289,0.7798701525,2.686612651,0.8484443426,0.8027342558,0.3212712407,0.2978492379,0.1316514611
C[C@]12CCCC[C@H]1C(=O)O[C@](C)(C(=O)N[C@H]1CCC[C@]3(n4cnnn4)CCCC[C@H]13)C2,4,ligand_35,1,0.741,-4.76592553,-4.695001083,85.53650038,-0.2192204109,15.22921353,0.9219727516,5.177627636,0.7454094291,0.8311567307,0.7470188737,0.2065042704,0.14571926
C[C@H]1CC[C@@H]2C(=O)O[C@@H](/C(O)=N/[C@@H]3CCC[C@@H]4CCCC[C@]43n3c[nH+]nn3)C[C@H]2C1,4,ligand_37,1,0.461,-4.940214072,-4.784524289,81.95024328,0.09940341892,17.33386252,0.1658988595,2.387135204,0.9008263946,0.9154926538,0.1023665816,0.5554538369,0.1741926968
C[C@]12CCCC[C@H]1C[C@@H](n1c[nH+]n[nH+]1)C[C@@H]2/N=C(/O)[C@]1(C)Cc2ccccc2C(=O)O1,4,ligand_39,1,0.459,-5.05608545,-4.663708467,94.41628584,0.03172536828,5.197938956,0.1680476516,2.892188045,0.9848816395,0.8629238009,0.3587220609,0.2475099117,0.0280849766
Cc1cc[nH+]n1[C@]12CCCC[C@H]1[C@@H]([N-]C(=O)[C@@]1(C)Cc3ccccc3C(=O)O1)CCC2,4,ligand_40,1,0.763,-4.688687749,-4.700940972,93.52790355,-0.2137064873,6.143507946,0.9874881506,2.098494156,0.7887892723,0.7759545445,0.1787262708,0.1382308602,0.08652140945
CC1=C[C@@H](C)C[C@@H]2C[C@@](C)(C(=O)[N-][C@H]3CCC[C@]4(n5cn[nH+]n5)CCCC[C@H]34)OC(=O)[C@H]12,4,ligand_42,1,0.571,-5.00119891,-4.659032125,94.45311091,-0.06770935763,5.471534418,0.5592790246,4.437716694,0.8324927092,0.7675210834,0.2604025006,0.3951893151,0.4436354041
Cc1cc[nH+]n1[C@H]1CC[C@H]([N-]C(=O)[C@]2(C)Cc3ccccc3C(=O)O2)[C@@]2(C#N)CCCC[C@@H]12,4,ligand_43,1,0.722,-4.811029723,-4.556809015,83.24344763,0.03286767104,12.77962645,0.5012626052,2.773050957,0.9684892297,0.9437894225,0.4143033922,0.03980451822,0.0406495668
Cc1cc[nH+]n1[C@@H]1CC[C@@H](NC(=O)[C@]2(C)Cc3ccccc3C(=O)O2)[C@@]2(C#N)CCCC[C@@H]12,4,ligand_45,1,0.722,-4.763229279,-4.530206556,83.09206266,0.03171357962,11.78203035,0.5818751454,2.840029703,0.9503270388,0.8965478539,0.4274442196,0.07301853597,0.03589792177
C=C1CCC[C@@H]2C[C@@H](/C(O)=N/c3cc(-n4c[nH+]n[nH+]4)cc4ccccc34)OC(=O)[C@@H]12,4,ligand_51,1,0.31,-4.839102901,-4.665532303,96.76364915,-0.2789241083,3.433884015,0.5168557167,1.918977835,0.9849993587,0.9487826824,0.8532878757,0.5113005638,0.1859175712
CC(=O)N1CCc2ccc(C/N=C(\O)[C@H]3C[C@@H](O)C3)cc2[C@@H]1[C@]1(C)Cc2ccccc2C(=O)O1,4,ligand_53,1,0.411,-5.344479972,-5.045460316,96.51070128,0.06003895145,3.148282992,0.009074868634,3.001141335,0.9973134398,0.9592388272,0.3283040524,0.02961681224,0.001034036162
Cc1cc[nH+]n1[C@]12CCCC[C@H]1[C@@H](/N=C(/O)C[C@H]1OC(=O)c3ccccc31)CCC2,4,ligand_54,1,0.445,-4.999587045,-4.740156561,95.80898339,-0.4416512825,3.7901056,0.6875001192,3.779256326,0.9892760515,0.7531115413,0.2489204705,0.1613089591,0.01658887602
C[C@@]12CCCC[C@H]1C(=O)O[C@H](C(=O)Nc1cc(-n3cnn[nH+]3)cc3ccccc13)C2,4,ligand_56,1,0.672,-4.625363618,-4.694502992,95.88765687,-0.3260333529,3.669933504,0.9583470225,3.996422937,0.9825412631,0.9986277819,0.9684327245,0.7779102325,0.511775434
CC1=C[C@@H](C)C[C@H]2C[C@](C)(C(=O)[N-]c3cc(-n4[nH+]ccc4C)ccc3Cl)OC(=O)[C@@H]12,4,ligand_58,1,0.569,-5.317636284,-4.920256628,97.08320554,0.2059182086,2.437661509,0.879001081,4.996802409,0.9736886621,0.9737520218,0.857393086,0.5423513055,0.5355967879
C[C@]1(/C(O)=N/[C@@H]2CCC[C@]3(n4c[nH+]n[nH+]4)CCCC[C@@H]23)Cc2ccccc2C(=O)O1,4,ligand_60,1,0.474,-4.73360789,-4.666214931,93.11553239,-0.02589709187,7.191835377,0.948207438,1.869727778,0.8899999261,0.6267846227,0.2456236631,0.1944340467,0.0681752488
O=C1O[C@@H](/C(O)=N/[C@H]2CCC[C@]3(n4c[nH+]n[nH+]4)CCCC[C@@H]23)Cc2ccccc21,4,ligand_62,1,0.487,-4.676442033,-4.633658405,92.89323532,-0.3317725459,8.232062545,0.07280898839,2.309435252,0.977789104,0.8103772402,0.2088368386,0.1866114736,0.0167007558
C[C@]1(C(=O)Nc2c(Cl)ccc3c2CCCC3)Cc2ccccc2C(=O)O1,4,ligand_76,0,0.801,-4.609904297,-4.846593432,98.62483692,0.2953374496,0.9125084675,0.9947453737,4.190995669,0.9298165441,0.8643981218,0.8008244634,0.3536729813,0.2867443264
Cc1cc[nH+]n1-c1ccc(Cl)c([N-]C(=O)[C@@]2(C)C[C@H]3CCCC[C@@H]3C(=O)O2)c1,4,ligand_77,0,0.779,-4.705597577,-4.770231836,97.18549317,0.2738550602,2.101854013,0.9830371737,3.478876546,0.9429653287,0.9512542486,0.3371621668,0.6394842863,0.143307671
C[C@@]12CCCC[C@@H]1C[C@H](n1c[nH+]n[nH+]1)C[C@H]2Nc1cc(F)c(F)c(F)c1,4,ligand_79,1,0.832,-4.860882835,-4.677440539,97.9283563,0.275856766,1.564085153,0.01191953104,8.036422615,0.978675127,0.9952586293,0.9747523665,0.6890325546,0.554305613
C=c1ccc2c(c1)C[C@](C)(/C(O)=N\[C@@H]1C[C@@H](n3[nH+]ccc3C)C[C@H]3CCCC[C@]31C#N)OC=2O,5,ligand_1,1,0.538,-5.057703975,-4.724867179,89.04157649,0.01064300621,8.999236758,7.25E-05,0.8105235296,0.9976478219,0.9758734107,0.01989281178,0.4286906421,0.01716750301
[H]/N=c1\c(C)c[nH]n1[C@H]1CC[C@@H]2NC[C@H](C3=CCN(C(=O)c4ccccc4)CC3)[C@H]2C1,5,ligand_2,1,0.687,-5.247204662,-5.013669088,66.07593284,0.2194607262,24.56952501,0.0066419621,6.10656907,0.9986897111,0.9864034653,0.9125632644,0.6817333102,0.02014009282
C=c1ccc2c(c1)C[C@](C)(C(=O)/N=C(\O)OCc1ccccc1C(=O)[C@@H]1CCOC1)OC=2C#N,5,ligand_5,1,0.411,-5.326148211,-4.749384198,95.55384974,0.06643476585,4.12258589,0.02747920156,1.875963717,0.9987744689,0.699788332,0.8128232956,0.05296747759,0.02260503545
C[C@@]1(C(=O)N[C@H]2CCC[C@]3(n4cnnn4)CCCC[C@]23C#N)Cc2ccccc2C(=O)O1,5,ligand_6,0,0.735,-4.743082401,-4.543273034,86.58144437,0.005283848314,11.58785567,0.802559495,2.414561576,0.5943481922,0.5323477387,0.2468123883,0.02226536348,0.0259080939
C=c1ccc2c(c1)C[C@](C)(C(=O)NC(=O)OCc1ccccc1C#N)OC=2O,5,ligand_8,0,0.835,-4.958060672,-4.685740476,97.33401406,-0.4558291024,2.680992606,0.2299781144,0.5309454106,0.8513573408,0.9425196648,0.794722259,0.262042582,0.107947655
Cc1cc[nH+]n1[C@@]12CCCC[C@H]1CC[C@H](NC(=O)[C@]1(C)C[C@@H]3CCC[C@@H](N)[C@H]3C(=O)O1)C2,5,ligand_9,1,0.701,-5.474122535,-5.00609082,52.71531133,0.2765634706,44.48670123,0.001251662499,4.002526886,0.4044500887,0.9840372801,0.772408247,0.2732151747,0.1840668768
Cc1ccc2c(c1)C[C@@](C)(C(=O)[N-][C@H]1CCC[C@]3(n4[nH+]ccc4C)CCCC[C@H]13)OC2=O,5,ligand_12,1,0.733,-4.705498679,-4.730601781,97.58490881,-0.05768619058,2.023870122,0.9930742979,2.488944523,0.6320944428,0.7189769149,0.3552739024,0.09580765665,0.1414106041
C=C1CCC[C@H]2C[C@](C)(C(=O)Nc3cc(-n4cn[nH+]n4)c(Cl)cc3Cl)OC(=O)[C@@H]12,5,ligand_13,1,0.583,-5.175760584,-4.974835184,97.86789055,-0.3407460386,2.005481172,0.1940947175,4.450986062,0.9886754751,0.950237155,0.895075202,0.4375588,0.3802549243
C=C1CCC[C@H]2C[C@@H](/C(O)=N\c3ccc(-n4cn[nH+]n4)c4ccccc34)OC(=O)[C@H]12,5,ligand_14,1,0.31,-5.40056251,-5.0106658,97.35500294,-0.4565552312,2.260778393,0.8847285509,2.459846826,0.9998062253,0.9654350281,0.929253757,0.8119823337,0.0381121859
C=c1ccc2c(c1)C[C@](C)(/C(O)=N\C(=O)OCc1ccccc1C#N)OC=2O,5,ligand_19,0,0.626,-5.045841896,-4.707810259,97.39461912,-0.3905630604,2.097592437,0.06826055795,0.2956353169,0.9884898067,0.8899318576,0.16675964,0.2492323965,0.06165539473
O=C1O[C@@H]([C@H]2NCCc3ccc(O[C@H]4CCC45C[NH2+]C5)cc32)Cc2ccccc21,5,ligand_20,1,0.79,-5.016439706,-4.812038151,54.51055229,0.3235738618,44.68257143,0.999391675,5.84755518,0.4041302204,0.92985636,0.7517021298,0.2578602135,0.05856546387
Cc1cc[nH+]n1[C@@]12CCCC[C@H]1CC[C@H]([N-]C(=O)[C@]1(C)Cc3ccccc3C(=O)O1)C2,5,ligand_21,1,0.763,-5.064804411,-4.761244883,91.026666,-0.08814623509,9.567275984,0.7736052871,3.297547759,0.7859843373,0.9373946786,0.3997749388,0.2411829382,0.208209306
Cc1cc[nH+]n1[C@@]12CCCC[C@@H]1CC[C@H]([NH2+]C(=O)C[C@H]1OC(=O)c3ccccc31)C2,5,ligand_23,1,0.776,-5.092780049,-4.723824933,96.5131773,-0.3231958074,3.339238069,0.9978118539,4.892122293,0.8139056563,0.9085521102,0.6842854619,0.06412382424,0.1356629133
Cc1ccc2c(c1)C[C@@](C)(C(=O)N[C@H]1CCC[C@@]3(n4[nH+]ccc4C)CCCC[C@@H]13)OC2=O,5,ligand_25,1,0.733,-4.743062344,-4.751608803,93.41333703,-0.01484153308,5.692550299,0.9152974486,2.411778082,0.423152864,0.8673020601,0.0511934869,0.2003713995,0.1073271036
C=c1ccc2c(c1)C[C@](C)(C(=O)NC(=O)OCc1ccccc1Cl)OC=2O,5,ligand_27,0,0.843,-5.009023117,-4.789129753,98.19709724,-0.4691427189,1.787294959,0.9511125088,0.4849612121,0.8928582668,0.7723980546,0.8182696104,0.3492313325,0.1655354649
O=C1O[C@H](C/C([O-])=N\[C@H]2CCC[C@]3(n4cn[nH+]n4)CCCC[C@@H]23)c2ccccc21,5,ligand_29,1,0.484,-4.849808759,-4.626722598,95.89239828,-0.2948660544,3.64068649,0.06754025072,5.319884088,0.997499764,0.896194756,0.6369898319,0.557413578,0.3292413354
Cc1cc[nH+]n1[C@@]12CCCC[C@@H]1CC[C@@H](N/C(O)=C/[C@H]1OC(=O)c3ccccc31)C2,5,ligand_34,1,0.575,-5.07087528,-4.68230469,95.55957458,-0.5611996198,3.676128144,0.9368515611,2.704501828,0.917157352,0.9894809723,0.4835341573,0.2192491442,0.09839106351
C=c1ccc2c(c1)[C@H](CC(=O)[NH2+][C@H]1CC[C@H]3CCCC[C@@]3(n3nccc3C)C1)OC=2O,5,ligand_35,1,0.796,-5.265334837,-4.951674557,82.70207677,-0.1634816862,13.62889468,0.980178535,2.981448242,0.9487220645,0.9793717265,0.5200045109,0.5181695223,0.2055896521
CC1=CCC[C@@H]2C[C@@H]([C@H]3NCCc4ccc(-c5ccc(C#N)cc5C)cc43)OC(=O)[C@H]12,5,ligand_38,1,0.556,-5.426071267,-4.734239397,98.27020675,0.302330188,1.234639434,0.9996950626,5.571120229,0.9158076048,0.9654971361,0.7957654595,0.4004485011,0.6983577609
[H]/N=C1\C/C(=N\c2cc(-n3[nH+]ccc3C)cc3ccccc23)N=C2C=CN=C21,5,ligand_41,1,0.737,-4.667907027,-4.432272352,98.13566629,0.1838356873,1.725732149,0.9870640039,3.572799148,0.9986568689,0.999127686,0.624900043,0.9801196456,0.01042489894
C[C@@H]1CC[C@@H]2C(=O)O[C@@](C)(C(=O)Nc3cccc(-n4cnnn4)c3)C[C@@H]2C1,5,ligand_47,1,0.834,-4.92070945,-4.721536425,91.78403195,-0.2092431879,6.817810183,0.8413997889,3.251233285,0.9265272021,0.9675279856,0.5702443719,0.3815997839,0.3123167455
Cc1cc[nH+]n1[C@H]1C[C@H](Nc2cccn3n[nH+]nc23)[C@@]2(Cl)C=CC=C[C@]2(C)C1,5,ligand_48,1,0.686,-5.005918688,-4.64288754,90.77902174,-0.2096229576,9.325210429,0.8394475579,5.551441984,0.8207898736,0.8484892845,0.8175436854,0.2160199136,0.07810943574
c1cc(N[C@@H]2CCC[C@]3(n4c[nH+]nn4)CCCC[C@H]23)c2[nH+]nnn2c1,5,ligand_49,0,0.774,-4.752992961,-4.803625754,85.2852499,-0.3480336981,13.9817117,0.2085435241,5.215319323,0.8815140128,0.63513273,0.5934446454,0.4267532825,0.2359956205